{"cameraMode":{"drawMode":0,"name":"Shaded","section":"Shading Mode"},"sceneLighting":false,"audioPlay":false,"sceneViewState":{"showFog":true,"showMaterialUpdate":false,"showSkybox":false,"showFlares":true,"showImageEffects":true,"showParticleSystems":true,"showVisualEffectGraphs":true,"m_FxEnabled":true},"in2DMode":false,"pivot":{"x":0.861615002155304,"y":-0.4965789318084717,"z":0.6893100738525391},"rotation":{"x":0.05289514362812042,"y":0.9378036260604858,"z":-0.30092141032218935,"w":0.16484475135803224},"size":1.1660254001617432,"orthographic":false}